123,4.1,76714,0,1.25,1.4951,14,564,6408,2,2G,2G,0
1316,43.87,98.8904,4.14,1.25,1.0244,27,1626,4373,1,2G,2G,0
2385,79.5,372.63,3.51,1.25,6.0898,119,10411,22039,1,2G,2G,0
1614,53.8,530.2,6.85,1.25,3.3447,69,6822,6274,1,2G,2G,0
2175,72.5,554.13,6.99,153.75,673204.0342,33,3387,7241,1,2G,3G,0
158,5.27,792.1144,28.63,108.75,107713582,101,7296,16636,1,2G,2G,0
110,3.67,1090.5,1.75,0,14.9102,303,22176,71699,2,2G,2G,0
558,18.6,29.5464,7.17,0,19.1533,4,12,444,1,2G,2G,1
115,3.83,62252,6.76,11.25,201352709,13,0,3563,1,2G,3G,1
1868,62.27,120.1204,23.49,31.25,440.1846,23,0,4254,1,2G,2G,1
1196,39.87,155.0008,24.26,2.5,254941.6182,13,0,3810,1,2G,2G,1
174,5.8,156772,31.94,6.25,201527.4873,23,144,1487,1,2G,2G,1
122,4.07,161.1,0,0,32459,152,1176,13119,6,2G,2G,1
441,14.7,169.5648,45.6,3.75,6635.3525,26,48,5457,1,2G,2G,1
2132,71.07,647.2068,14.81,0,6050709,200,6276,22607,1,2G,2G,1
180,6,687.11,136.56,22.5,17036.7813,143,1956,11768,1,2G,2G,1
114,3.8,822258,6.24,106.25,3071059907,52,228,24088,2,2G,2G,1
3496,116.53,1160.93,121.27,7.5,71.9365,200,17408,68500,2,2G,2G,1
422,14.07,1170.17,27.4,7.5,106.0205,293,4434,91967,1,2G,2G,1
1914,63.8,1592.72,23.26,2.5,11.6113,375,25523,99000,1,2G,2G,1
1822,60.73,1621.36,100.98,12.5,198.5088,339,12645,109895,1,2G,2G,1
120,4,61.29,3.5,0,0.2998,23,1116,4041,1,2G,2G,0
2372,79.07,96.13,15.45,16.25,29459,15,502,3191,2,2G,2G,0
3500,116.67,100.71,1.76,0,526910.4775,2,0,185,3,2G,2G,0
121,4.03,125122,0.5,78.75,1674288928,9,729,1908,1,2G,3G,0
2417,80.57,142.03,7.05,1.25,36694.3652,13,2421,967,1,2G,2G,0
204,6.8,162.9344,9.66,58.75,581798.6514,9,120,2000,1,2G,3G,0
3291,109.7,199188,0.01,92.5,87203.6817,4,0,549,5,2G,2G,0
847,28.23,222.7304,0,55,755157.4844,12,2409,1037,1,2G,2G,0
1038,34.6,261.8384,23.65,10,7982150938,29,2940,6631,4,2G,3G,0
1758,58.6,311.0628,0,55,179282.8418,11,1092,904,1,2G,2G,0
1262,42.07,311.65,17.5,3.75,95451.3741,5,275,358,1,2G,2G,0
2132,71.07,332.8,5.25,21.25,7639898588,30,1937,3547,3,2G,3G,0
3352,111.73,397296,107.1,30,40258.2734,16,801,2043,2,2G,2G,0
2067,68.9,423.61,135.66,21.25,3854166,15,2571,1207,1,2G,2G,0
1070,35.67,427.3776,1.75,26.25,16845.0557,176,5263,7771,2,2G,3G,0
567,18.9,534.5204,20.05,0,87299.6885,30,945,1923,1,2G,2G,0
3713,123.77,726.14,2.42,92.5,13224193.42,38,1320,6685,1,2G,3G,0
185,6.17,746098,105.94,2.5,7210998,33,1296,4609,2,2G,2G,0
1426,47.53,1158.8744,12.89,2.5,12780320.19,671,5634,7794,1,2G,2G,0
368,12.27,1224.0612,0,52.5,1758480214,16,502,3681,1,2G,2G,0
371,12.37,13402,0,1.25,29283.8877,22,132,0,1,2G,2G,1
1586,52.87,15682,0,11.25,1031042,3,0,192,1,2G,2G,1
2172,72.4,16642,0,8.75,131274.5869,5,0,203,2,2G,2G,1
204,6.8,18522,9.79,0,19.0918,2,0,395,1,2G,2G,1
117,3.9,24.97,0,1.25,2305.0537,15,1224,358,1,2G,2G,1
210,7,30.7884,7.17,0,702.4287,9,348,1547,1,2G,2G,1
1433,47.77,37.0024,14.82,13.75,2441.9629,2,114,179,1,2G,3G,1
124,4.13,40.81,0,15,9123917,15,348,1635,1,2G,3G,1
1263,42.1,41.42,25.01,0,1134.0234,1,0,179,1,2G,3G,1
635,21.17,41.48,16.09,2.5,9.8418,3,114,358,1,2G,2G,1
2793,93.1,42.48,11.95,1.25,332.3574,7,0,2330,1,2G,3G,1
929,30.97,42.89,23.9,0,21.0293,8,24,1157,1,2G,3G,1
213,7.1,43.34,0,31.25,5844.3848,1,0,179,2,2G,2G,1
911,30.37,48364,30.73,1.25,20.9238,1,0,179,1,2G,2G,1
1387,46.23,53356,7.17,17.5,823.9795,4,0,1171,1,2G,2G,1
460,15.33,56.06,33.46,0,337.5703,4,0,586,1,2G,2G,1
1028,34.27,56122,7.17,42.5,3944.5361,2,0,358,1,2G,2G,1
906,30.2,57.9,7.17,21.25,69978.7031,2,0,905,1,2G,2G,1
1597,53.23,59.65,0.04,0,203.6465,79,1932,1254,1,2G,2G,1
1399,46.63,60292,25.65,3.75,56.3018,7,558,713,1,2G,2G,1
2490,83,60.69,18.95,25,1049.9375,1,0,179,2,2G,3G,1
485,16.17,61606,23.9,1.25,17.4717,5,12,1816,1,2G,2G,1
1258,41.93,62658,20.88,1.25,35.6611,7,12,1601,2,2G,2G,1
787,26.23,65.4384,16.73,3.75,75.5009,12,874,2151,1,2G,2G,1
2856,95.2,66232,14.57,11.25,502.3643,24,168,2234,1,2G,2G,1
121,4.03,69208,11.95,0,939.7178,18,0,3560,1,2G,2G,1
105,3.5,75.4,10.5,10,2401224.12,22,2532,1522,2,2G,3G,1
399,13.3,76278,32.82,5,36991.4678,14,114,3133,1,2G,2G,1
1278,42.6,79.5704,20.25,5,42052.4189,12,36,1373,1,2G,2G,1
3445,114.83,85088,28.68,21.25,1541.9365,4,24,358,2,2G,2G,1
125,4.17,104272,9.56,41.25,42023.1319,5,0,683,1,2G,2G,1
100,3.33,112.56,24.51,20,336878.9902,3,0,537,2,2G,3G,1
1223,40.77,115272,7.17,55,164326.9375,2,0,358,1,2G,2G,1
3651,121.7,133.1844,32.18,0,107125,7,1004,1398,2,2G,3G,1
968,32.27,133894,18.48,23.75,154994.9707,7,12,1168,1,2G,3G,1
311,10.37,141.42,41.63,0,164.4902,5,0,867,2,2G,3G,1
1915,63.83,141462,19.74,0,2937.3359,25,378,4457,1,2G,2G,1
3576,119.2,153734,7.17,7.5,289.2783,37,2272,2402,1,2G,2G,1
1606,53.53,154.6272,49.85,50,2305.1553,10,0,1829,1,2G,2G,1
224,7.47,167282,16.11,37.5,163534.6055,12,12,1790,1,2G,2G,1
112,3.73,195372,0,2.5,1015036084,13,0,2268,2,2G,2G,1
120,4,201.63,5.25,62.5,175380.3223,20,0,3322,5,2G,3G,1
212,7.07,209.9748,16.73,2.5,128786.4131,21,240,4369,2,2G,2G,1
117,3.9,607.82,25.37,112.5,1464461794,42,804,6593,1,2G,3G,1
594,19.8,656504,313.8,0,25.2627,78,6036,14865,2,2G,2G,1
343,11.43,825226,25.93,65,965185.4366,45,5287,10141,1,2G,2G,1
1310,43.67,982206,59.84,50,1163532.41,52,4770,14055,1,2G,2G,1
297,9.9,1505.7772,54.52,150,569540.8233,170,16159,27519,1,2G,3G,1
1348,44.93,177.47,0,2.5,585569.2217,2,0,610,2,2G,2G,0
1837,61.23,378.58,16.15,60,42310.1328,34,2799,7019,1,2G,2G,0
420,14,433874,41.58,1.25,0.6777,71,60,18656,1,2G,2G,0
1443,48.1,878.83,60.56,2.5,171.8359,50,14497,8664,1,2G,2G,0
1073,35.77,1172.3412,23.95,2.5,32489.2959,166,9462,66251,1,2G,2G,0
617,20.57,62582,29.79,5,87.2539,11,546,1132,1,2G,2G,1
941,31.37,69998,9.56,2.5,28.8105,22,192,3438,1,2G,2G,1
2085,69.5,75158,20.7,1.25,47126,16,24,2440,1,2G,2G,1
396,13.2,85.4004,11.95,27.5,1819.7568,21,108,2657,1,2G,2G,1
112,3.73,88.78,0,0,2771.9062,13,120,5711,1,2G,2G,1
1766,58.87,96996,14.34,3.75,87.2783,19,2832,1536,1,2G,2G,1
303,10.1,211.8048,29.92,1.25,0.9883,23,12,5390,1,2G,2G,1
435,14.5,790022,80.46,3.75,536495.0674,81,0,30847,1,2G,2G,1
393,13.1,1210.1728,7.17,33.75,1685.6894,334,0,62189,1,2G,2G,1
2557,85.23,14.21,0,0,41668.7041,3,24,490,2,2G,2G,0
121,4.03,42.04,0.01,20,8001.2422,19,156,1329,1,2G,3G,0
1469,48.97,84422,12.42,1.25,125,125,2634,3460,1,2G,2G,0
1284,42.8,113388,10.5,8.75,22865.5576,64,946,2987,2,2G,2G,0
1423,47.43,136.3,0,10,287861.3066,8,12,1540,6,2G,2G,0
2260,75.33,150.22,0,1.25,1.0791,162,2325,1874,4,2G,2G,0
936,31.2,170.99,11.88,0,9810959,43,5403,5725,1,2G,2G,0
114,3.8,183.84,1.76,0,6509.1582,44,3012,3534,2,2G,3G,0
138,4.6,223.7996,74.24,38.75,21134.9131,51,4488,4607,1,2G,2G,0
109,3.63,224.6564,120.75,0,856.3242,16,2700,2735,2,2G,2G,0
4837,161.23,229.82,24.76,77.5,128160.6065,46,789,4047,1,2G,2G,0
142,4.73,241588,0,0,10972.0264,37,6816,5400,1,2G,2G,0
2248,74.93,256.69,16.06,1.25,4795.3906,69,1722,2945,1,2G,2G,0
1159,38.63,280126,1.75,3.75,13.1885,28,4595,8831,1,2G,2G,0
3962,132.07,283568,0.01,11.25,7992730518,9,60,788,7,2G,3G,0
931,31.03,296.42,1.75,26.25,36708586,55,540,1641,1,2G,2G,0
3183,106.1,307532,0.01,3.75,50.0381,43,7668,10038,1,2G,2G,0
122,4.07,324722,84,0,70001,39,13980,5287,2,2G,2G,0
3704,123.47,332854,9.62,1.25,22.04,91,4744,6083,3,2G,2G,0
2051,68.37,342.37,2.62,0,547.8291,315,4853,0,1,2G,2G,0
227,7.57,343.2808,65.41,43.75,176679.2842,29,906,1021,2,2G,2G,0
110,3.67,352.5232,28.27,21.25,53194.5898,306,4320,4174,3,2G,2G,0
3019,100.63,354.3724,8.93,3.75,157332.0869,141,4057,6619,1,2G,2G,0
1499,49.97,361.7256,35.32,0,3288.1631,142,8124,4136,1,2G,2G,0
306,10.2,399.5248,1.75,28.75,307292.1416,116,4140,1666,1,2G,2G,0
1061,35.37,423.0128,4.79,2.5,381433.8233,351,9552,10846,2,2G,2G,0
2316,77.2,426628,0,102.3,287544.4825,36,6335,4508,3,2G,2G,0
2148,71.6,437.7,0,0,30611.7959,523,0,0,3,2G,2G,0
3701,123.37,442.0844,1.75,5,292.5508,165,3353,6334,1,2G,2G,0
745,24.83,450.4512,32.15,42.47,118434.7422,176,8753,978,1,2G,2G,0
1487,49.57,466.2008,0,3.75,13.9531,468,12856,7517,1,2G,2G,0
1625,54.17,466.73,2.92,0,824752,40,4195,8903,2,2G,2G,0
2032,67.73,485108,46.52,1.25,4.2793,93,8907,2653,1,2G,2G,0
747,24.9,495.03,79.2,0,58128.7901,460,8700,26663,2,2G,2G,0
2237,74.57,499.6376,5.25,30,5772188781,71,609,17784,5,2G,3G,0
1383,46.1,503.3184,24.5,27.5,955695.5263,53,1734,11209,1,2G,2G,0
3196,106.53,507.4964,14.37,86.21,353274.6308,23,2112,2469,2,2G,2G,0
100,3.33,514.4684,0,0,91824.9209,141,992,609,1,2G,2G,0
1654,55.13,516354,41.14,1.86,4175.2608,92,18510,477,1,2G,2G,0
2051,68.37,523.2776,49.88,18.75,168358.9795,73,7331,5462,1,2G,2G,0
411,13.7,536.1508,34.52,6.55,997233.5264,112,3172,12098,1,2G,3G,0
4151,138.37,541682,0,0,15912.5723,162,5450,4613,5,2G,2G,0
770,25.67,550072,7.74,5,52776748,182,5123,4254,1,2G,2G,0
1758,58.6,556.3616,5.25,0,190.5137,193,10655,10253,1,2G,2G,0
3879,129.3,565.4868,11.96,1.25,117888.5762,66,0,0,11,2G,3G,0
3340,111.33,566.66,0,0,287165.4756,210,502,920,1,2G,3G,0
110,3.67,589.47,130.46,11.25,727.7734,239,2904,8876,4,2G,2G,0
133,4.43,596.63,0,0,1150.4736,166,2304,1512,2,2G,2G,0
248,8.27,643.8852,14,5,230.1465,263,4722,4973,1,2G,2G,0
1856,61.87,646.1308,3.5,67.5,95443.8779,73,13961,1039,1,2G,2G,0
503,16.77,664306,0,5,1218030941,691,765,2675,2,2G,2G,0
1167,38.9,680.2124,1.75,20,22695707,544,12642,5095,1,2G,2G,0
3805,126.83,681936,81.47,3.75,3624375,117,39261,3657,2,2G,2G,0
1883,62.77,712064,19.24,26.25,1863.6113,150,13904,5377,1,2G,3G,0
2658,88.6,713.45,1.22,0,391293.7637,392,0,191,3,2G,2G,0
2195,73.17,715.7564,21,0,109143.5322,109,2175,9900,1,2G,2G,0
3667,122.23,716.1,24.12,1.25,0.2969,89,34344,8592,4,2G,2G,0
143,4.77,721938,48.08,1.25,0.8584,225,24774,2160,1,2G,2G,0
1628,54.27,729996,21.51,0.62,48.2852,157,6847,31246,1,2G,2G,0
2667,88.9,800.4288,6.89,196.25,1024072837,16,1506,1611,2,2G,2G,0
141,4.7,810.38,49.58,56.25,210613.8564,78,2988,1653,1,2G,2G,0
2588,86.27,827.75,18.22,58.75,488987.1231,21,1932,2606,2,2G,2G,0
108,3.6,836.6616,3.5,15,65203.1094,36,3924,2556,1,2G,2G,0
1693,56.43,840.04,12.25,68.75,66257.3985,76,24903,5055,6,2G,2G,0
2194,73.13,866.0188,81.78,3.75,64.7021,345,7422,42442,1,2G,2G,0
325,10.83,866.35,4.17,3.75,277.9688,289,36300,4567,2,2G,2G,0
1355,45.17,875.4,0,0,144766.4629,888,0,0,3,2G,2G,0
3705,123.5,875.4,0,0,165154.3701,633,0,0,1,2G,2G,0
2180,72.67,883.17,0,0,24901.0264,712,0,179,2,2G,2G,0
2398,79.93,885.8196,17.35,8.75,1237.3144,619,13888,7960,1,2G,2G,0
3651,121.7,889138,1.2,0,6065.1719,313,0,895,2,2G,2G,0
3689,122.97,900.98,0,0,73951.0078,723,1733,179,4,2G,2G,0
1417,47.23,903.27,0,22.5,2166780011,660,0,537,1,2G,3G,0
1048,34.93,909.98,13.71,0,54.04,786,0,179,6,2G,2G,0
149,4.97,911.2984,134.59,67.5,13956.0303,226,29724,23748,1,2G,2G,0
3899,129.97,916.92,4.78,0,366469.0478,1170,0,358,1,2G,2G,0
3279,109.3,917.59,0,0,1846070.15,1073,0,2151,1,2G,2G,0
3341,111.37,919066,5.99,0,200704.8692,502,0,1367,3,2G,2G,0
1915,63.83,940674,0,21.25,248445.0889,122,19614,12871,1,2G,2G,0
170,5.67,958.63,48.64,15,23427.8515,119,17184,3195,1,2G,2G,0
3561,118.7,961.8212,58.48,121.25,435237.2461,61,2978,5784,1,2G,2G,0
1345,44.83,963.08,0,0,14.7383,788,2940,1458,4,2G,2G,0
368,12.27,964.12,20.23,17.5,2165091.16,64,3474,6085,1,2G,2G,0
4632,154.4,974.28,48.93,120,365654.5869,92,20988,21153,1,2G,2G,0
1145,38.17,992.4124,74.09,26.25,1104.9473,131,35499,26258,1,2G,2G,0
2793,93.1,996714,8.64,3.72,580.9766,253,42736,16313,3,2G,2G,0
1177,39.23,1018358,7,0,390166.9218,420,610,2471,2,2G,2G,0
3515,117.17,1021.68,0.6,1.25,44264.4648,753,1212,179,1,2G,2G,0
3210,107,1024482,0.09,590,2718053559,12,813,860,2,2G,2G,0
3744,124.8,1026798,1.76,36.25,355.0362,1253,20376,8640,3,2G,2G,0
3955,131.83,1029.14,24.5,17.5,590660.2422,339,15406,6346,1,2G,3G,0
1770,59,1032.65,0,0,5080.3379,482,1231,7826,1,2G,2G,0
3704,123.47,1045.3784,1.75,98.75,192469.0263,223,24828,17867,1,2G,3G,0
1097,36.57,1078.81,16.38,0,1457.3662,757,15225,9692,2,2G,2G,0
148,4.93,1100.54,23.61,41.25,602549.9453,334,12432,16804,5,2G,2G,0
2542,84.73,1111346,53.37,1.25,1024007231,466,9179,7889,1,2G,2G,0
3048,101.6,1113.61,0.6,0,46252.5127,678,5019,539,1,2G,2G,0
2760,92,1121.27,5.25,1.25,1972225.73,213,14663,3201,11,2G,2G,0
1678,55.93,1140.37,17.94,0,1024.8378,776,3050,11119,2,2G,2G,0
4102,136.73,1143.9,1.75,0,5690.0996,571,1745,21546,1,2G,2G,0
1913,63.77,1146.21,0,0,1.04,522,4195,17316,2,2G,2G,0
3097,103.23,1152.33,15.75,0,124973.1816,510,10014,14689,11,2G,2G,0
1872,62.4,1154802,12.35,25,27260.4551,539,21012,35298,1,2G,3G,0
630,21,1166.56,6.53,35,163234.29,571,3036,8571,2,2G,2G,0
4038,134.6,1222.93,13.63,0,274207.4853,732,0,2752,1,2G,2G,0
2159,71.97,1229.14,57.46,0,170993.0713,659,348,1629,5,2G,2G,0
3621,120.7,1235.29,45.35,0,857.1758,561,900,6193,2,2G,2G,0
3691,123.03,1245.89,44.74,7.13,1137.2705,636,14665,8125,2,2G,2G,0
463,15.43,1260.0544,14.02,343.75,1903109.87,46,372,788,2,2G,2G,0
110,3.67,13.85,0.01,10,693.2861,3,240,120,3,2G,2G,1
91,3.03,15.92,0,0,30.2803,2,348,0,1,2G,2G,1
3441,114.7,16122,1.75,8.75,271.1836,13,120,179,1,2G,2G,1
659,21.97,30534,8.92,1.25,2.0215,33,288,1246,1,2G,2G,1
1836,61.2,41.08,11.96,2.5,72835,12,60,1920,1,2G,2G,1
1324,44.13,43.63,0.01,5,13.1807,35,366,374,1,2G,3G,1
185,6.17,43.92,7.17,0,5275.4639,10,24,1548,1,2G,2G,1
2032,67.73,49.06,18.48,0,13.6904,4,102,537,1,2G,2G,1
2348,78.27,52672,4.1,13.75,104.8828,56,660,0,1,2G,2G,1
3667,122.23,54.8204,20.23,0,15595.75,53,540,1209,1,2G,2G,1
2285,76.17,59.2024,0,32.5,519.3096,33,360,611,3,2G,2G,1
1532,51.07,60064,0.01,0,3.2871,82,3024,2310,2,2G,2G,1
2122,70.73,64.43,0.12,26.25,450370.3086,48,618,580,3,2G,3G,1
1433,47.77,70.27,1.75,0,4945584,16,1304,1649,1,2G,2G,1
803,26.77,71614,16.27,0,2583.5283,2,358,0,1,2G,2G,1
2261,75.37,72616,13.7,1.25,58.3242,8,335,0,1,2G,2G,1
1042,34.73,86.89,23.26,5,3.9551,11,3816,444,1,2G,2G,1
3837,127.9,87596,26.29,2.5,12.6611,28,1949,895,2,2G,3G,1
107,3.57,104.91,29.75,0,669.2129,27,2724,2244,1,2G,2G,1
1967,65.57,107642,26.29,0,51557.2988,25,3507,705,1,2G,3G,1
3813,127.1,107894,19.12,26.25,7904.5889,60,263,24,1,2G,2G,1
2083,69.43,126918,0,1.25,0.1016,229,5955,521,2,2G,2G,1
1316,43.87,127.79,43.02,17.5,669.8418,9,60,788,1,2G,2G,1
111,3.7,129.4,0,40,27605.7383,36,3941,2629,5,2G,3G,1
1866,62.2,139.82,14.81,6.25,15420.0967,41,1556,3312,1,2G,2G,1
1059,35.3,149.1424,16.56,12.5,126593.5254,90,852,3789,1,2G,2G,1
200,6.67,154.11,26.9,1.25,8.5322,92,1458,6832,2,2G,2G,1
224,7.47,157.1348,10.5,11.25,9.7246,132,1344,5637,3,2G,2G,1
525,17.5,170.04,31.2,23.75,77788874,82,708,4982,7,2G,2G,1
1908,63.6,171.05,44.75,27.5,1593.4805,19,1124,967,1,2G,2G,1
1316,43.87,181.36,31.63,0,32.9824,14,13608,767,2,2G,2G,1
1280,42.67,187.7508,0,67.5,1754292925,127,36,3208,1,2G,2G,1
1110,37,191106,11.97,0,20623.2764,336,6822,0,1,2G,2G,1
2187,72.9,192592,25.65,21.25,4867.9609,74,6876,3628,1,2G,3G,1
106,3.53,193.34,3.5,1.25,758816.5312,50,9504,4675,2,2G,3G,1
1477,49.23,207.4608,28.87,2.5,17646.5743,528,10008,2771,1,2G,2G,1
4047,134.9,211084,33.05,0,3122.2002,265,1308,10036,1,2G,2G,1
227,7.57,219904,33.75,3.75,35845.0654,55,858,7990,1,2G,2G,1
436,14.53,224592,10.11,1.25,10.3213,14,1279,1924,1,2G,2G,1
1510,50.33,615.73,5.98,72.5,2076039626,112,0,716,2,2G,3G,1
288,9.6,631534,65.83,3.75,95146.5557,172,9395,9656,1,2G,2G,1
2699,89.97,642.05,1.75,0,208701.9014,800,239,537,1,2G,2G,1
3850,128.33,650.4308,14.34,1.25,19.5117,122,23007,21811,1,2G,2G,1
1534,51.13,691232,0,1.25,4451.5489,251,30445,5130,2,2G,3G,1
827,27.57,723748,20.31,22.5,43013333,801,6638,3286,1,2G,2G,1
168,5.6,738564,25.65,0,49.0908,582,0,1977,1,2G,2G,1
187,6.23,770.6644,1.75,6.25,44769.9404,333,9480,4249,2,2G,2G,1
4631,154.37,798.8424,34.83,6.25,256.0918,463,4338,14615,1,2G,2G,1
938,31.27,831.59,6.48,188.48,1314517.2,18,2268,1467,3,2G,2G,1
128,4.27,860.53,89.95,0,101.5117,107,41184,11559,3,2G,2G,1
1691,56.37,886.4432,55.22,11.25,355675.6787,395,1811,16222,1,2G,2G,1
4084,136.13,928.83,137.12,0,17916,197,2666,23981,1,2G,2G,1
984,32.8,964.4128,59.41,11.25,126918,233,18048,21612,1,2G,2G,1
429,14.3,995.16,72.56,0,1.6973,199,28218,50123,1,2G,3G,1
579,19.3,1020.7932,82.35,63.75,23957.9805,189,16452,31707,2,2G,2G,1
157,5.23,1031.2108,57.62,121.25,3274262.34,139,9732,11445,4,2G,3G,1
2587,86.23,1062108,61.92,0,32.7051,471,30142,26616,1,2G,2G,1
2576,85.87,1222.2204,41.85,131.25,353759.3291,98,18635,34804,3,2G,2G,1
1243,41.43,1256.25,218.74,246.25,16262.5264,84,31482,7761,3,2G,2G,1
793,26.43,1274.08,18.09,31.25,9882732086,325,7635,37441,1,2G,2G,1
1106,36.87,1382.1984,5.98,0,774782.8448,805,1434,0,3,2G,3G,1
240,8,1383.9244,147.9,27.5,39738.3574,207,6792,49576,1,2G,2G,1
2073,69.1,1404.1496,174.45,27.5,2531.7246,389,14584,77299,1,2G,2G,1
155,5.17,1522614,348.02,1.25,5.0078,290,20568,74948,1,2G,2G,1
4742,158.07,1661.1492,57.62,77.5,4307.1953,216,16650,76213,1,2G,2G,1
2267,75.57,1881106,8.93,17.5,481.8535,539,85260,40793,1,2G,2G,1
431,14.37,2127.9144,79.49,62.5,1308236473,779,7866,79394,2,2G,3G,1
1168,38.93,2833.12,39.45,0,863.1045,873,0,44159,1,2G,2G,1
1119,37.3,3124.0716,3.5,1.25,26.1445,787,2900,196908,3,2G,2G,1
1668,55.6,3324.68,116.54,638.75,2416132183,425,31716,74031,1,2G,3G,1
829,27.63,778.2264,8.75,251.25,392048.3506,12,311,4019,2,2G,2G,0
5181,172.7,1034.29,1.75,1.25,1354.7891,15,741,5414,2,2G,2G,0
2630,87.67,1243.11,35.9,220,1078971132,144,8220,40867,1,2G,3G,0
102,3.4,74448,16.73,0,23653.7109,13,912,2376,1,2G,2G,1
129,4.3,105762,7.17,0,4.5273,34,0,8400,1,2G,2G,1
1822,60.73,1004.2796,21.38,8.75,144950.4023,241,10255,56951,1,2G,3G,1
3888,129.6,1841.69,99.49,282.5,977056.7783,169,11973,64206,1,2G,2G,1
153,5.1,2500.2664,86.61,881.25,167937.0596,279,5124,60741,3,2G,2G,1
944,31.47,2940.18,169.37,6.25,143.9502,708,18288,207584,3,2G,2G,1
1002,33.4,272262,12.24,5,170561.3701,25,2572,1657,1,2G,2G,0
2292,76.4,545042,6.49,50,481967.3311,32,753,10720,1,2G,2G,0
177,5.9,956.7264,10.5,11.25,2258.7432,229,62690,12643,1,2G,2G,0
2271,75.7,4642.33,5.25,1.25,0.7559,1470,6199,186886,1,2G,2G,0
1307,43.57,141838,0,30,882.1299,24,2665,4051,1,2G,2G,1
136,4.53,146766,4.1,32.5,2268.7032,21,2292,1361,1,2G,2G,1
615,20.5,164.74,49.39,22.5,535548.8135,15,108,1362,1,2G,2G,1
1128,37.6,174.47,1.75,10,126522.1094,8,0,3298,1,2G,2G,1
580,19.33,653.5,43.75,67.5,15981833,104,1506,34791,1,2G,3G,1
150,5,866596,58.77,130,12076.6484,117,5856,15175,1,2G,2G,1
1458,48.6,1449.87,0,20,8781531688,170,4104,77050,1,2G,2G,1
125,4.17,2138.6992,1.75,41.25,9014.9473,25,228,5236,1,2G,2G,1
2308,76.93,481.9,0,125,620515.1875,3,0,609,1,2G,2G,0
1342,44.73,76.92,11.96,1.25,7.5146,5,251,1004,2,3G,3G,0
425,14.17,188.4484,0,53.75,15905941.53,4,114,1594,1,3G,3G,0
698,23.27,197326,0,93.31,85248.3574,8,1372,632,4,3G,3G,0
261,8.7,219.65,5.98,48.75,343736752,26,228,5008,1,3G,3G,0
1144,38.13,291.03,18.31,1.25,26.0684,46,2714,8978,1,3G,3G,0
1014,33.8,317618,11.96,0,1759.0693,333,3516,11525,1,3G,3G,0
4869,162.3,400.0004,40.24,25,560.1455,38,3167,12464,5,3G,3G,0
2241,74.7,429.25,23.48,87.5,26957125,36,4222,21625,4,3G,3G,0
966,32.2,433328,0.01,80,8858228871,35,630,4282,1,3G,3G,0
885,29.5,457.2504,8.33,13.75,18400.9336,45,0,16422,1,3G,3G,0
6,0.2,468.4244,31.64,20,2772.2129,73,3504,19404,2,3G,3G,0
1698,56.6,470.5904,38.23,5,49852.2002,66,10828,16182,1,3G,3G,0
3638,121.27,573.2108,34.04,33.75,22440958.85,52,216,4893,1,3G,3G,0
155,5.17,609864,4.1,102.5,44579175.13,64,1524,9262,1,3G,3G,0
3213,107.1,749.94,23.61,47.5,890776.1983,75,1908,17937,2,3G,3G,0
2898,96.6,981.85,0,0,43002.6015,87,0,7298,2,3G,3G,0
1326,44.2,3658.94,31.35,41.25,22332.0303,1059,13920,171215,1,3G,3G,0
508,16.93,6698.9676,22.75,107.5,980645.2842,1378,42894,330409,3,3G,3G,0
2292,76.4,38972,19.38,2.5,422.5977,4,0,1171,1,3G,3G,1
2626,87.53,41.23,1.75,0,45.5547,6,228,586,8,3G,3G,1
1390,46.33,44.77,12.82,0,42.6963,50,228,983,2,3G,3G,1
1461,48.7,116708,43.49,1.25,21.0059,16,1745,3561,1,3G,3G,1
130,4.33,141.01,6,3.75,5001.0449,28,360,10852,1,3G,2G,1
1706,56.87,158016,48.22,1.25,98.5938,22,1781,5175,1,3G,3G,1
1353,45.1,179564,12.43,25,3515.5859,22,741,6382,1,3G,3G,1
195,6.5,203.91,0,10,496.4434,50,9384,1955,1,3G,3G,1
1319,43.97,629.43,0.62,40,6246910872,72,300,10991,2,3G,3G,1
1309,43.63,642.8,22.62,3.75,246.6484,56,9843,24440,1,3G,3G,1
643,21.43,720944,137.27,18.75,2423.5811,141,5080,21156,1,3G,3G,1
818,27.27,749874,59.97,5,922078.9111,36,3378,24381,1,3G,3G,1
2086,69.53,771.0304,31.6,5,875100.6367,222,7051,47468,1,3G,3G,1
1388,46.27,780.4768,76.56,18.75,13467.8398,76,2488,32545,1,3G,3G,1
2585,86.17,897284,19.59,137.5,2229748695,105,16902,10540,1,3G,3G,1
3274,109.13,1018508,146.53,23.75,6639.9375,141,10267,43729,2,3G,3G,1
133,4.43,1108.4956,118.75,56.25,928206748,189,2964,15151,6,3G,2G,1
634,21.13,1154.6904,9.56,325,1132914542,48,992,17843,1,3G,3G,1
274,9.13,1215.53,75,75,4970152598,72,5532,5637,2,3G,3G,1
473,15.77,1229.6324,37.08,75,5429409755,537,16344,51046,1,3G,,1
2053,68.43,1309.0804,13.29,48.75,1392.9424,328,8208,92247,1,3G,3G,1
322,10.73,1321516,23.19,7.5,2603045233,39,0,9611,1,3G,3G,1
1813,60.43,1410868,13.7,41.25,4691.7998,244,3351,100896,1,3G,3G,1
220,7.33,1574.16,10.5,307.5,11546200.34,111,396,36552,8,3G,3G,1
373,12.43,2083.97,46.91,476.25,1456032609,215,16290,66527,1,3G,3G,1
2245,74.83,2761.8,26.7,213.75,1276707515,76,9179,33008,1,3G,3G,1
508,16.93,3690.83,40.06,462.5,2626969215,857,0,171947,1,3G,3G,1
214,7.13,4673562,181.14,1043.75,3111037.6,144,51846,151965,4,3G,,1
1585,52.83,4.91,0,0,25706.25,5,24,467,1,3G,3G,0
2495,83.17,85.61,1.24,31.25,74275.2901,5,0,1350,3,3G,3G,0
191,6.37,96.72,0,20,311388.7041,2,0,358,11,3G,3G,0
960,32,125.15,1.75,21.25,12096.7159,22,108,2625,1,3G,3G,0
1649,54.97,129.6908,0.01,27.5,484796.5537,18,526,537,1,3G,3G,0
1407,46.9,154.7092,0,17.5,36510850.47,10,275,1601,1,3G,,0
472,15.73,174.32,5.25,37.5,310023.6357,12,228,3097,1,3G,3G,0
137,4.57,179.54,0,6.25,714382.6855,22,1164,2773,1,3G,3G,0
3804,126.8,230.53,12.25,8.75,312.6758,41,8856,9321,2,3G,2G,0
1751,58.37,233952,13.12,15,38616.0938,45,1494,10156,1,3G,3G,0
569,18.97,236.6284,18.48,20,9040.2402,52,6786,8545,3,3G,3G,0
2284,76.13,261.7852,5.57,11.25,702.9053,73,1579,4722,2,3G,3G,0
504,16.8,276.74,42,20,339997.5273,17,318,2752,1,3G,3G,0
164,5.47,280.08,1.75,61.25,172211.9473,22,324,4545,1,3G,3G,0
143,4.77,290602,3.5,70,8596182165,10,120,2033,2,3G,3G,0
1448,48.27,309888,0,91.25,6646839175,11,0,2430,1,3G,,0
851,28.37,314.76,52.25,53.75,121679.9102,17,1095,2301,2,3G,3G,0
215,7.17,316.06,12.25,91.25,20587154.08,3,114,358,1,3G,3G,0
127,4.23,326858,1.75,85,11379472.08,5,0,777,11,3G,3G,0
3609,120.3,334.31,0,83.75,801397.2559,15,1482,7696,1,3G,3G,0
250,8.33,385.7884,0,136.25,543844.5078,8,0,1432,1,3G,3G,0
872,29.07,388.5292,8.75,40,272055.3193,9,1024,608,1,3G,3G,0
931,31.03,406.38,1.75,100,4314.3526,20,318,3743,1,3G,3G,0
714,23.8,417.2188,18.97,31.25,91833.8486,31,744,5891,1,3G,3G,0
1552,51.73,422.11,14.6,68.75,20415502,15,980,4409,1,3G,3G,0
135,4.5,434558,3.5,123.75,3119066825,15,804,1969,1,3G,3G,0
2812,93.73,440.5016,6.72,77.5,946863.3144,41,2152,4790,8,3G,3G,0
1845,61.5,476.44,19.85,0,86713.3955,5,490,179,1,3G,3G,0
3671,122.37,476.97,19.16,183.75,466197.4561,21,992,4299,1,3G,3G,0
418,13.93,480366,1.75,52.5,23627590.98,3,0,509,1,3G,3G,0
233,7.77,488.0884,0,82.5,99456402.05,17,798,2049,1,3G,3G,0
2539,84.63,505.88,8.75,1.25,3.6846,1156,24804,8102,1,3G,3G,0
1827,60.9,580.09,0,135,9873736892,3,0,191,2,3G,3G,0
257,8.57,580.1016,7,110,32422253.71,32,954,5601,6,3G,3G,0
134,4.47,587.1888,4.37,98.75,12526704.7,43,24,17862,1,3G,3G,0
4157,138.57,678.6248,5.25,73.75,11958959.19,44,620,8007,1,3G,3G,0
335,11.17,715.08,0,128.75,45463510.37,17,0,3367,1,3G,,0
2383,79.43,723.69,0,0,422807.1201,157,0,0,3,3G,3G,0
577,19.23,832.48,97.04,126.25,4214737323,3,0,179,1,3G,3G,0
151,5.03,899.6324,4.7,148.75,39960102.3,33,168,3921,1,3G,3G,0
433,14.43,1055466,0.01,1.25,233628.2148,317,0,2186,2,3G,3G,0
144,4.8,1071582,10.5,228.75,5393514878,19,0,4038,1,3G,3G,0
1439,47.97,1080.62,15.75,10,2591950424,166,0,358,2,3G,3G,0
3811,127.03,1190.2564,3.5,13.75,170499.4209,269,726,24717,6,3G,3G,0
609,20.3,12.55,4.78,0,1056668,1,0,179,1,3G,3G,1
103,3.43,15532,4.78,1.25,64,2,0,358,1,3G,2G,1
670,22.33,21.76,0,0,3059.6924,9,502,0,5,3G,3G,1
1651,55.03,23.01,7.17,6.25,24.1104,7,570,293,1,3G,2G,1
172,5.73,23692,13.7,1.25,79.1143,2,0,515,1,3G,3G,1
99,3.3,24.4684,1.75,3.75,87.3818,1,0,179,1,3G,,1
1317,43.9,24906,11.95,3.75,32.9023,1,0,179,1,3G,3G,1
1568,52.27,29.52,1.75,20,745241.5137,3,0,537,1,3G,,1
1350,45,33114,9.56,13.75,656.3877,2,0,358,1,3G,3G,1
1244,41.47,39098,10.77,0,458.4746,1,0,179,1,3G,3G,1
986,32.87,41.5704,8.92,25,11633.4287,1,0,179,1,3G,3G,1
2237,74.57,42.21,4.78,25,9426.9219,3,0,537,1,3G,3G,1
590,19.67,43342,29.62,5,139.3408,3,0,537,2,3G,3G,1
1329,44.3,46504,13.7,0,3704.3213,5,0,1606,1,3G,3G,1
111,3.7,47.81,25.95,13.75,453.0557,3,0,667,1,3G,3G,1
1967,65.57,54.1,8.75,0,18.3936,70,696,2274,1,3G,2G,1
1146,38.2,55.6688,9.56,0,3013.9932,6,489,1112,1,3G,3G,1
1135,37.83,56408,3.52,45,8103814455,2,0,358,1,3G,3G,1
2943,98.1,56.44,15.21,7.5,360.6484,1,0,179,1,3G,3G,1
924,30.8,58.89,11.95,23.75,1044714024,105,0,645,1,3G,3G,1
1143,38.1,61198,10.03,5,199.4111,3,12,395,1,3G,2G,1
2231,74.37,61.6004,11.31,5,641.5312,11,108,669,1,3G,3G,1
1668,55.6,63386,31.3,3.75,190.6748,6,228,716,1,3G,3G,1
197,6.57,64508,23.9,6.25,334.6318,4,0,716,1,3G,2G,1
1469,48.97,68.88,29.79,0,1.2246,7,0,1613,2,3G,3G,1
1886,62.87,69.44,11.95,0,33794.6855,4,0,1027,1,3G,3G,1
3746,124.87,70266,32.48,0,194.0635,2,0,407,1,3G,3G,1
112,3.73,73.3344,0,47.5,41317.9883,6,0,1015,2,3G,3G,1
2694,89.8,75068,37.43,5,4824.7158,4,0,716,1,3G,3G,1
1135,37.83,81.86,25.65,3.75,88186.9102,3,0,880,2,3G,3G,1
233,7.77,92852,20.94,0,39257.6719,2,0,490,1,3G,,1
1502,50.07,93666,1.2,72.5,3851397811,8,60,537,1,3G,3G,1
222,7.4,94504,62.08,0,187.5537,3,216,395,1,3G,2G,1
441,14.7,102016,0.01,7.5,3741303069,2,12,179,1,3G,3G,1
123,4.1,104.2408,2.39,40,7017161825,6,0,3116,1,3G,2G,1
1303,43.43,105.56,32.18,1.25,10.5029,11,1920,1300,1,3G,3G,1
746,24.87,114.9,14.94,13.75,71159.9229,15,131,2978,1,3G,3G,1
3384,112.8,118778,16.73,53.75,174737.1826,1,0,179,1,3G,3G,1
671,22.37,118952,4.78,56.25,151865.1455,5,0,895,1,3G,3G,1
942,31.4,125.15,1.75,21.25,12096.7159,22,108,2625,1,3G,3G,1
123,4.1,125.8,15.75,35,11007903.08,8,2508,2409,2,3G,3G,1
107,3.57,132912,0,20,1363375378,16,0,2470,1,3G,3G,1
976,32.53,135.5948,22.07,6.25,28.6211,12,762,3000,1,3G,3G,1
2443,81.43,139426,20.87,3.75,192,28,84,4469,1,3G,3G,1
2605,86.83,140.6,35.85,38.75,152983708,233,0,895,1,3G,3G,1
618,20.6,142.51,35.21,0,7448.8613,19,1014,3378,1,3G,3G,1
2903,96.77,148444,36.94,12.5,426885.2852,8,0,1576,1,3G,3G,1
1067,35.57,155568,3.5,56.25,109394.7109,3,0,537,2,3G,3G,1
1628,54.27,163554,20.23,41.25,11338.4248,24,0,6931,1,3G,,1
1420,47.33,174.5888,15.45,47.5,625312.2119,2,0,358,1,3G,3G,1
122,4.07,181868,2.41,12.5,240273.6006,19,12,2416,2,3G,3G,1
1962,65.4,184.4104,0.6,0,209621.2959,6,933,537,1,3G,3G,1
1916,63.87,187.1104,12.55,63.75,2491.7158,8,502,1601,1,3G,3G,1
3702,123.4,187.5,30.98,0,40543.8496,18,287,5043,1,3G,3G,1
2282,76.07,192716,20.23,2.5,22163.0821,16,48,3429,1,3G,3G,1
2528,84.27,197.31,39.35,1.25,16.3115,27,8067,3585,1,3G,3G,1
197,6.57,206.1416,6.12,7.5,300.4922,19,780,3853,21,3G,3G,1
1273,42.43,208.0276,7,46.25,22021658.22,3,0,472,1,3G,3G,1
471,15.7,212668,13.7,25,435252.5381,2,0,358,1,3G,3G,1
3721,124.03,214.68,45.54,90,359042.4961,58,622,537,1,3G,3G,1
2117,70.57,655.7008,20.88,108.75,746180.3975,6,738,827,1,3G,3G,1
352,11.73,659.76,20.07,20,108975.8447,107,9406,36021,2,3G,3G,1
2947,98.23,661.55,66.73,32.5,1305606714,90,2916,11871,1,3G,3G,1
2802,93.4,665318,18.48,2.5,1825127302,174,477,6679,1,3G,3G,1
92,3.07,672.24,68.89,62.5,232209208,121,20963,16896,49,3G,3G,1
337,11.23,883.5572,59.08,35,1794729694,122,7608,22827,1,3G,3G,1
206,6.87,902388,64.39,68.75,710991.4942,55,3450,9335,2,3G,3G,1
489,16.3,946768,37.26,21.25,34290.2334,296,2069,41250,1,3G,3G,1
162,5.4,1013.98,172.01,137.5,1081173539,63,4095,24924,1,3G,3G,1
1745,58.17,1030.65322,69.01,136.25,2891582573,16,12,2685,1,3G,2G,1
363,12.1,1097.2004,83.52,25,459614.2197,415,0,22808,1,3G,3G,1
368,12.27,1151388,95.4,88.75,866902.1221,47,4665,12185,1,3G,2G,1
1532,51.07,1160.52,8.92,1.25,13.6055,111,6678,68051,1,3G,3G,1
179,5.97,1218572,188.59,0,18.4258,317,30120,25354,1,3G,3G,1
1779,59.3,1219.9,21.98,180,4179691603,19,1908,4456,2,3G,3G,1
471,15.7,1241.4012,7.21,63.55,7209087081,530,4904,12104,3,3G,3G,1
2185,72.83,1264.97,128.43,22.5,438808.2159,165,11969,47967,15,3G,3G,1
136,4.53,1363136,175.88,143.75,2015667562,157,18540,11831,2,3G,3G,1
117,3.9,1367682,269.5,20,692988.9336,198,24450,57470,2,3G,3G,1
2013,67.1,1419982,19.25,206.25,2259772761,30,992,44084,1,3G,3G,1
452,15.07,1687.68,17.95,31.25,12370663.76,578,0,1290,1,3G,3G,1
129,4.3,217.11,7.73,43.75,74870207,39,2952,8709,1,3G,3G,0
146,4.87,546.65,28.64,12.5,106060.4463,87,1470,37670,1,3G,3G,0
1239,41.3,686298,22.74,176.25,1322.0596,75,6948,13334,1,3G,3G,0
571,19.03,694792,5.25,47.5,43008956.74,17,311,5345,1,3G,3G,0
2081,69.37,1230.82,6.85,23.75,283468.3819,125,7852,41160,1,3G,3G,0
494,16.47,42758,15.45,1.25,395.8428,4,1697,502,1,3G,3G,1
211,7.03,55898,0,1.25,4257006446,7,0,1364,5,3G,3G,1
1859,61.97,93.9524,31.54,1.25,0.2246,8,0,2488,1,3G,2G,1
405,13.5,143.9584,14.9,32.5,1989145399,21,330,2355,1,3G,3G,1
3099,103.3,159.0648,26.18,22.5,15801.0879,32,2082,4107,1,3G,3G,1
399,13.3,682.79,19.7,81.25,5882498729,27,846,10522,1,3G,3G,1
238,7.93,707.6352,22.45,210,85675.5967,75,3786,11692,1,3G,3G,1
2087,69.57,711.7604,32.74,6.25,221.0459,112,5260,27573,1,3G,3G,1
1259,41.97,776.6788,37.22,57.5,6613.5732,99,11378,30129,1,3G,3G,1
2707,90.23,841.6484,23.09,0,15689313.96,168,1872,30767,1,3G,3G,1
-5,-0.17,857.1008,63.47,190.03,1565901139,204,716,1240,1,3G,3G,1
3155,105.17,1246.22,26.29,260,6470329758,114,1194,24274,1,3G,3G,1
240,8,1256908,28.98,136.25,15313555.78,346,2184,64119,1,3G,3G,1
2833,94.43,1340582,43.92,1.25,221134.4307,155,2235,9035,1,3G,3G,1
284,9.47,1509.52,69.61,78.75,13476288.06,104,486,32602,1,3G,3G,1
3582,119.4,1654.26,50.5,240,42038.0098,238,954,79980,1,3G,3G,1
1730,57.67,2056738,71.92,1.25,4.6494,462,35856,127284,1,3G,3G,1
1198,39.93,2488438,25.54,60,1213104434,268,20034,49598,1,3G,3G,1
2789,92.97,2592148,238.13,0.31,3.5566,338,51329,91774,1,3G,3G,1
1521,50.7,3792.35,71.8,21.25,782.7549,647,64872,228790,1,3G,3G,1
3728,124.27,25.1,0,0,10.3418,15,144,813,4,3G,3G,0
255,8.5,51.9868,4.78,12.5,468.0684,34,366,2110,1,3G,3G,0
1105,36.83,53.88,0,1.25,615282.6914,23,0,0,1,3G,3G,0
2202,73.4,59.2724,0,0,161.8057,8,4266,179,2,3G,3G,0
1533,51.1,102102,1.75,1.25,0.1016,168,4518,725,2,3G,3G,0
4153,138.43,113868,19.98,22.5,2317459,5,1243,251,1,3G,3G,0
4183,139.43,119722,1.75,10,1699954774,40,540,1197,4,3G,3G,0
1991,66.37,135.11,0.61,0,3073269819,10,300,358,1,3G,3G,0
256,8.53,142.57,0,3.75,160.3643,45,6569,615,1,3G,3G,0
149,4.97,152.4452,7.73,1.25,1.9199,44,1464,2206,2,3G,2G,0
3738,124.6,170.44,0,22.5,8602.2959,17,634,932,1,3G,3G,0
937,31.23,172.1,32.4,0,182.8115,19,1205,4794,12,3G,3G,0
1635,54.5,177208,42,5,1431.3408,28,4728,2363,2,3G,3G,0
719,23.97,180296,2.62,11.25,10442434.63,18,1386,3263,1,3G,3G,0
3505,116.83,191332,0,44,406817.2071,6,48,358,1,3G,3G,0
946,31.53,205.48,4.55,23.25,1010220822,38,4151,10267,4,3G,3G,0
2323,77.43,231.82,68.24,18.75,19.0537,16,4260,851,1,3G,3G,0
439,14.63,234.21,8.64,0.31,8.7021,32,5390,12974,1,3G,3G,0
977,32.57,265.73,33.48,1.24,18.0938,11,1229,704,2,3G,3G,0
673,22.43,289308,0,26.04,686690.9707,3,525,0,1,3G,3G,0
4251,141.7,355.47,16.74,0,80075.2998,273,7290,8951,2,3G,3G,0
183,6.1,356116,7,0,59.1719,84,19687,7308,16,3G,3G,0
1265,42.17,359.54,1.75,6.25,57359462,167,4980,8960,8,3G,3G,0
3504,116.8,367002,27.45,12.5,725414.3242,50,5367,6944,8,3G,2G,0
1570,52.33,386.4308,12.25,2.5,49.6992,300,5472,3838,1,3G,3G,0
136,4.53,387.6568,15.45,103.75,101347.7236,25,7980,1785,1,3G,3G,0
2169,72.3,395.37,30.04,13.75,22353418,37,5890,3033,1,3G,3G,0
1202,40.07,409108,122.9,21.25,1549688659,173,2826,2691,3,3G,3G,0
3870,129,413.3,0,20,28141.0098,100,23016,9966,1,3G,3G,0
993,33.1,414622,4.7,91.25,12065888.21,63,6503,3617,2,3G,3G,0
1399,46.63,423.07,18.81,3.75,43262.2832,49,2892,5482,1,3G,3G,0
4153,138.43,423.93,7.6,3.75,157.5615,75,3408,14160,5,3G,3G,0
1212,40.4,425.3404,0.87,2.5,29697.7451,5,622,490,1,3G,3G,0
4254,141.8,437.7,0,0,62764.5781,28,0,0,2,3G,3G,0
365,12.17,449.6384,7,127.5,20118693.29,11,60,1046,3,3G,3G,0
4246,141.53,461.03,0,5,1807971923,260,0,537,1,3G,3G,0
984,32.8,461908,13.29,3.75,1024847318,123,0,358,1,3G,3G,0
2169,72.3,462.9148,36.2,0,2.0498,175,2850,2273,1,3G,3G,0
108,3.6,467.57,0.01,0,148574.2373,60,0,1790,2,3G,3G,0
4150,138.33,473.8,4.14,2.5,8299015549,132,2582,5254,2,3G,3G,0
921,30.7,478.32,4.32,36.27,2695601849,11,4257,1932,1,3G,3G,0
192,6.4,479.72,0,0,12.8662,102,3222,358,7,3G,2G,0
2032,67.73,488.32,28,0,202221.6533,113,18528,19833,2,3G,,0
1994,66.47,488916,31.46,46.25,5483217191,28,252,702,1,3G,2G,0
2098,69.93,496.1844,39.07,0,8738505772,44,15741,3023,4,3G,3G,0
1355,45.17,507776,4.37,0,709844.5869,52,8964,9148,1,3G,3G,0
4229,140.97,510.9708,9.39,11.25,1710288004,687,0,1652,5,3G,3G,0
132,4.4,518014,27.69,12.5,15342.9931,105,8218,2477,5,3G,3G,0
3975,132.5,523.4804,4.32,36.89,6139533046,11,609,2349,1,3G,3G,0
2986,99.53,528.6528,2.39,0,1473082523,182,0,1074,3,3G,3G,0
2467,82.23,528.75,8.84,3.75,281277.2725,99,5884,6208,2,3G,3G,0
2905,96.83,529.88,100.94,6.25,551842.8331,106,17224,10361,2,3G,3G,0
1037,34.57,535596,19.88,7.5,261020.0381,386,9782,5690,2,3G,3G,0
307,10.23,539.24,10.5,135,21856.3565,49,762,3498,2,3G,3G,0
2543,84.77,544778,42.38,0,968509.3301,822,1996,2871,1,3G,3G,0
2320,77.33,553.9008,10.76,47.74,9587.9639,101,13155,19487,5,3G,3G,0
1421,47.37,563.43,17.5,15,36468.0557,241,60,4099,2,3G,3G,0
933,31.1,569788,22.91,109.74,23344958,85,13988,5462,1,3G,3G,0
2289,76.3,576.96,1.75,0,10628832,153,3062,1291,14,3G,3G,0
3031,101.03,578988,13.12,27.5,4529486773,48,2367,6824,1,3G,3G,0
4876,162.53,586.85,9.48,22.5,17335383.62,116,2850,16457,12,3G,3G,0
715,23.83,600.18,2.99,0,1026631681,221,0,3883,3,3G,3G,0
418,13.93,604172,3.5,16.25,65084.9111,112,9002,13047,1,3G,3G,0
2081,69.37,605.33,1.2,18.75,808.9345,130,4584,18635,1,3G,3G,0
517,17.23,608232,1.75,67.5,34119740.49,44,587,3022,4,3G,3G,0
117,3.9,609.59,11.24,82.5,193627.9316,100,9872,11520,11,3G,,0
717,23.9,610.97,0,0,4303770345,54,3489,7608,3,3G,3G,0
3722,124.07,611.5536,10.35,0,954.2979,567,15468,4763,2,3G,3G,0
4152,138.4,613.96,57.12,0,1526107752,514,2580,6942,4,3G,3G,0
3399,113.3,616952,19.24,1.25,4647.8037,58,24918,1350,3,3G,3G,0
107,3.57,621.49,151.75,1.25,60931.5264,54,0,537,1,3G,3G,0
1129,37.63,632.65,0,1.55,900906.9424,11,2350,0,1,3G,3G,0
802,26.73,636264,3.47,0,396481.9531,83,5607,15163,1,3G,3G,0
1272,42.4,639.97,0,2.5,14152.6348,65,18603,8389,2,3G,3G,0
133,4.43,643.59,40.88,3.75,371358.8438,69,9096,11546,2,3G,3G,0
2774,92.47,652.63,4.14,57.5,2166006274,526,741,716,1,3G,3G,0
369,12.3,657.06,20.58,56.25,1801790789,153,11478,6070,1,3G,3G,0
123,4.1,669.11,14.83,0,11813558.28,113,684,15331,5,3G,3G,0
1234,41.13,672.95,35.15,30,545083.1172,26,3012,3108,1,3G,3G,0
585,19.5,674984,25.87,95,11937595.66,130,3636,3831,1,3G,3G,0
142,4.73,675.89,100.63,141.25,1186735909,27,4752,3478,1,3G,2G,0
2213,73.77,676.1452,17.21,23.75,341473.6563,76,240,14062,1,3G,3G,0
523,17.43,676.42,104.95,51.25,3372399607,126,6840,7005,4,3G,3G,0
2083,69.43,679.97,13.58,18.75,460147.3272,292,1014,980,2,3G,3G,0
716,23.87,694.6,5.25,15,448485788,57,6209,4245,1,3G,3G,0
1361,45.37,698072,13.12,17.5,18960728.63,30,264,1638,1,3G,3G,0
1010,33.67,726.58,2.62,10,22939555.07,87,2670,1749,2,3G,3G,0
435,14.5,733.0828,15.8,241.18,328063.7764,54,9700,6417,1,3G,3G,0
2312,77.07,733.2712,65.48,5,75.4766,207,2761,4470,3,3G,3G,0
170,5.67,737.1052,39.68,55,1205828366,168,228,2324,1,3G,3G,0
802,26.73,738452,22.26,23.87,13574188.58,190,7690,15432,1,3G,3G,0
125,4.17,740.83,107.9,42.5,217706.7119,103,11760,29829,1,3G,3G,0
204,6.8,755.89,8.33,27.5,7473126807,118,16934,3785,1,3G,3G,0
385,12.83,755954,0,21.25,8305154895,5,48,179,1,3G,3G,0
2201,73.37,758.62,40.14,51.25,12755293,119,21872,16423,2,3G,3G,0
1165,38.83,797034,0,11.25,102643.6465,155,34495,17608,3,3G,3G,0
1548,51.6,804.9448,24.5,117.5,22778646.62,25,5247,5855,1,3G,3G,0
164,5.47,808.68,112.53,86.25,16732.7481,176,13704,12790,5,3G,3G,0
141,4.7,810.7,11.37,142.5,2543055027,159,21708,15127,1,3G,3G,0
134,4.47,812.5,73.68,8.75,663969.1299,554,27228,765,1,3G,3G,0
2660,88.67,813.3808,27.98,18.75,330.6651,205,7584,16409,1,3G,2G,0
1142,38.07,817.08,10.5,25,69186.7422,116,15228,7656,2,3G,3G,0
2680,89.33,817.72,19.06,32.5,997772.8184,234,3672,10727,1,3G,3G,0
130,4.33,823.29,5.25,6.25,46.3486,84,53448,24358,1,3G,3G,0
3670,122.33,824.52,42.17,47.5,15660515.58,220,8649,968,1,3G,3G,0
3702,123.4,834.6164,8.93,76.25,171480.7383,164,3816,29763,1,3G,3G,0
130,4.33,838268,5.98,3.75,12358480.18,304,22380,5254,4,3G,3G,0
813,27.1,840466,1.08,9.3,1090308.83,271,13724,2600,9,3G,3G,0
140,4.67,841154,159.89,23.75,1048012564,244,5964,6527,2,3G,3G,0
1056,35.2,847.1732,25.24,23.75,274.0664,415,14788,19779,7,3G,3G,0
1257,41.9,855656,7.4,221.25,33095591.74,53,4569,2423,1,3G,3G,0
2109,70.3,856.0384,21.6,237.15,3814302774,37,6169,4007,6,3G,3G,0
399,13.3,856684,3.5,31.25,1511060273,166,18714,35813,1,3G,3G,0
1673,55.77,875.4,0,0,126876.5254,865,0,0,1,3G,3G,0
5334,177.8,875.4,0,0,52633.2686,1460,0,0,1,3G,3G,0
2886,96.2,875.64,0,0,230007955,974,0,0,1,3G,3G,0
1912,63.73,876.27,0.87,0,1754570742,74,0,0,2,3G,3G,0
362,12.07,876.42,0,0,1059366387,469,0,102,3,3G,3G,0
1294,43.13,876.5,34.12,98.75,507507.0127,89,30069,23196,2,3G,3G,0
4158,138.6,877.19,0,0,2150561275,411,0,179,6,3G,3G,0
3148,104.93,879,0,0,1414986074,612,0,0,2,3G,3G,0
284,9.47,880.77,0,0,84606.3692,932,0,537,1,3G,3G,0
1474,49.13,881524,0,51.25,2044129945,11,3648,2464,3,3G,3G,0
2096,69.87,883.17,0,0,1450858823,391,0,179,2,3G,3G,0
3085,102.83,884.97,0.01,0,2103930688,439,0,358,1,3G,3G,0
3046,101.53,887.91,14.34,0,76915.0547,398,0,5556,1,3G,3G,0
1607,53.57,890.34,4.78,0.62,2952394.18,417,0,0,1,3G,3G,0
3181,106.03,891.69,1.75,5,946378.5332,293,0,954,1,3G,3G,0
377,12.57,897.34,0,0,1376099551,694,0,179,1,3G,3G,0
3809,126.97,900.03,5.98,57.5,435275586,93,7155,7580,1,3G,3G,0
3211,107.03,905.43,9.49,161.25,4323788261,11,1908,1039,1,3G,3G,0
143,4.77,907.16,1.75,13.75,146024.5683,60,240,716,2,3G,,0
4232,141.07,910.46,14.64,45,2857898337,257,1080,9108,1,3G,3G,0
258,8.6,911.13,119,0,6.1348,247,25356,29860,1,3G,3G,0
2260,75.33,914.28,5.25,1.25,874135.6006,512,0,3238,1,3G,3G,0
152,5.07,915.73,0,1.25,284724.6142,172,2400,240,1,3G,3G,0
3706,123.53,916.87,0.04,2.5,1014261738,319,0,1289,1,3G,3G,0
1417,47.23,918.07,7,23.75,482592.2714,78,34344,4856,1,3G,3G,0
1822,60.73,920.16,0,0,53584456,278,0,0,1,3G,3G,0
4238,141.27,920.19,18.23,6.25,647703.8994,1206,0,2031,2,3G,3G,0
2848,94.93,920.21,7.17,0,2835940224,531,0,179,1,3G,3G,0
1971,65.7,922.6,2.39,0,76402.3769,346,0,4481,1,3G,3G,0
132,4.4,924.46,23.66,0,805565.3593,135,0,1163,1,3G,3G,0
4862,162.07,925.89,0,6.25,3878935695,674,0,240,1,3G,3G,0
4252,141.73,929.82,0,0,152106.7744,779,0,4246,2,3G,3G,0
1053,35.1,943.31,6.72,20,229811.9453,151,3819,2390,2,3G,3G,0
2492,83.07,944.46,0.02,10,1218412512,353,0,3035,4,3G,3G,0
4252,141.73,945.22,3.5,0,1358.5557,416,0,537,1,3G,3G,0
4630,154.33,947312,78.74,61.25,876375288,41,14310,4019,2,3G,3G,0
297,9.9,949,0.87,20,207150.8173,763,1836,179,1,3G,3G,0
1944,64.8,955664,17.04,0,5846.5674,547,956,2867,5,3G,3G,0
1727,57.57,956.2,40.66,2.5,645881.9541,961,0,179,1,3G,,0
138,4.6,958.61,0,2.5,933169.1904,225,0,895,2,3G,3G,0
4792,159.73,963.33,1.75,5,1268950891,571,888,4632,1,3G,3G,0
741,24.7,969.7084,100.62,0,38622.8975,152,12652,1857,1,3G,3G,0
1520,50.67,972.38,10.5,25,1648876463,267,0,2883,14,3G,3G,0
1507,50.23,972838,0,82.5,2162778789,456,0,537,1,3G,3G,0
4205,140.17,973.12,0,3.75,215656.4394,370,239,179,3,3G,3G,0
143,4.77,973.9664,21.86,22.5,920871.0674,421,4032,15476,1,3G,3G,0
666,22.2,980.5332,47.72,251.25,1674835019,99,2763,5016,2,3G,3G,0
168,5.6,988108,23.97,8.75,2067125635,690,1190,715,1,3G,3G,0
225,7.5,996.69,12.04,1.25,79458.5771,240,0,6886,2,3G,3G,0
3794,126.47,997.69,0,2.5,5627720023,598,0,716,4,3G,3G,0
787,26.23,998.04,15.6,1.25,1732440812,195,2155,846,1,3G,3G,0
2747,91.57,1001032,1.75,53.75,14016501.09,54,3513,12321,1,3G,3G,0
3419,113.97,1005.11,0,0.62,4884453493,170,358,0,2,3G,3G,0
5374,179.13,1008.58,0,0,525649.7168,682,0,4425,3,3G,3G,0
1526,50.87,1015.8,62.56,61.25,6402748932,175,1548,7020,2,3G,3G,0
1867,62.23,1015.86,135.94,92.5,3707693869,74,2524,8831,1,3G,3G,0
451,15.03,1022.4,11.23,30,2651372843,500,0,537,2,3G,3G,0
974,32.47,1024.14,48.13,52.5,415468.2871,104,14845,11328,2,3G,3G,0
1558,51.93,1035.7704,8.75,10,1454622967,716,2689,3153,10,3G,3G,0
3460,115.33,1045148,13.12,31.25,82667.3496,339,3251,4553,2,3G,3G,0
1974,65.8,1047.55,7.87,250,4177100395,16,275,4408,2,3G,3G,0
3801,126.7,1053.01,9.48,32.5,225494.2549,1238,5713,4813,1,3G,3G,0
714,23.8,1053.9892,56.34,13.75,1874057902,239,14796,36045,1,3G,3G,0
425,14.17,1056634,7.87,21.25,299235.7441,868,0,716,3,3G,3G,0
925,30.83,1057.1,26.43,2.5,996269374,253,1238,11025,4,3G,3G,0
4155,138.5,1059454,0.03,1.25,793819.2588,444,10516,1611,1,3G,3G,0
447,14.9,1062624,0.6,51.25,7412235206,420,0,358,3,3G,3G,0
1374,45.8,1066842,0,191.25,11526301.73,31,120,6656,8,3G,3G,0
135,4.5,1073288,0.01,158.75,41440817.15,114,1248,3086,1,3G,3G,0
1447,48.23,1078.33,8.75,10,1865896535,748,323,6816,2,3G,3G,0
3096,103.2,1079.8984,2.39,8.75,17374263.26,223,477,550,3,3G,3G,0
3805,126.83,1080.42,0.01,0,217563.1035,469,0,2261,6,3G,3G,0
2437,81.23,1082.31,27.43,22.5,573237.4248,108,29173,31141,1,3G,3G,0
215,7.17,1082.55,5.98,5,3181991859,813,0,1432,1,3G,3G,0
2147,71.57,1105.43,0.02,0,265478.4893,332,10044,740,1,3G,3G,0
1653,55.1,1105912,13.72,60,2959285291,527,0,895,1,3G,3G,0
1618,53.93,1111.08,14,0,1403.2412,290,0,858,1,3G,3G,0
2163,72.1,1120.1504,41.17,23.87,83108.7657,279,7465,37503,2,3G,3G,0
2237,74.57,1128.11,82.25,35,1235577751,401,14616,24950,1,3G,3G,0
1438,47.93,1134546,27.72,274.97,5869747645,51,6250,6512,1,3G,3G,0
3265,108.83,1139.63,0,11.25,3379496.46,158,0,2148,1,3G,2G,0
4874,162.47,1144.8,17.94,6.25,288638.6953,460,0,8431,1,3G,3G,0
3114,103.8,1145.61,1.75,22.5,1164443296,600,228,21952,3,3G,3G,0
1494,49.8,1150.9268,15.75,31.25,990555.9746,571,7360,26823,1,3G,3G,0
158,5.27,1164.3672,27.12,82.5,14264167.72,139,1416,20517,3,3G,3G,0
997,33.23,1165.5928,2.16,65.41,6096582927,395,6225,4545,3,3G,3G,0
443,14.77,1166.4,0,28.75,32954801.18,209,2400,1306,9,3G,3G,0
1335,44.5,1172156,0.6,1.24,1446125,207,18100,11915,1,3G,3G,0
2345,78.17,1173.1604,1.21,155,3004549821,196,0,1969,2,3G,3G,0
2796,93.2,1179.39,2.35,72.5,19744956.26,191,8928,36879,2,3G,3G,0
2040,68,1180.4804,0.02,52.5,7587747121,700,3585,9978,2,3G,3G,0
1354,45.13,1185.0548,2.27,30,1902.3672,675,12999,7709,2,3G,3G,0
1193,39.77,1185.25,44.05,71.25,225029.1621,64,5298,16971,1,3G,3G,0
2116,70.53,1187.7396,18.37,20,25908963.2,102,4112,22947,2,3G,3G,0
731,24.37,1188.7972,0,175,11099077.72,23,216,2617,6,3G,3G,0
151,5.03,1191.54,23.48,0,48385.6914,662,24468,4176,2,3G,3G,0
147,4.9,1200572,0,227.5,4512623857,42,636,1056,1,3G,3G,0
2300,76.67,1203162,22.74,20,3194449683,725,13503,5604,3,3G,3G,0
756,25.2,1203.42,20.04,88.66,1218569857,112,21177,167,7,3G,3G,0
130,4.33,1204.37,38.67,7.5,4052732772,163,71208,4545,2,3G,3G,0
3819,127.3,1205.5304,78.64,78.75,2128472938,94,15524,8149,3,3G,3G,0
743,24.77,1216594,9.39,75,159984.2959,337,10035,8528,3,3G,3G,0
761,25.37,1216.7528,25.92,76.57,67951093.38,332,5271,3924,3,3G,3G,0
3840,128,1220.48,0,0,30812.7959,1256,239,14280,1,3G,3G,0
3155,105.17,1223.2404,0,1.25,1091551.36,397,8928,10612,1,3G,3G,0
145,4.83,1229.7016,71.49,220,1904637535,122,10428,6843,1,3G,3G,0
4192,139.73,1232.23,32.26,0,67341581,585,0,12068,5,3G,3G,0
1794,59.8,1248.5104,57.73,158.75,5109445314,308,16540,20590,2,3G,3G,0
464,15.47,1248.5104,14,40,1091314839,489,3478,44349,1,3G,,0
3700,123.33,1248978,12.89,15,1046183858,486,0,537,2,3G,3G,0
708,23.6,1266.4404,5.98,93.75,1871998521,170,14752,19432,2,3G,3G,0
138,4.6,1266.75,1.75,68.75,9974712357,193,26400,6066,2,3G,3G,0
308,10.27,1267.46,0,193.75,2559615.11,656,0,537,1,3G,3G,0
830,27.67,1269.8304,0,63.75,53822264.18,49,492,1432,1,3G,3G,0
259,8.63,1270252,4.1,173.75,1653474.82,163,1746,3873,2,3G,,0
793,26.43,3563.29,27.87,68.75,7069080733,1252,20812,149661,3,3G,3G,0
2798,93.27,3584.15,56.45,1448.75,2173399189,432,8557,58734,2,3G,3G,0
958,31.93,3607842,6.58,211.25,779097.3349,1575,17628,124294,4,3G,3G,0
423,14.1,3608.22,224.04,50,4119552577,61,17103,13308,1,3G,3G,0
2304,76.8,3611.16,48.77,26.25,10300976.04,1152,1470,76683,6,3G,3G,0
137,4.57,3681.44,10.58,6.25,593297.6113,1809,112074,40451,1,3G,2G,0
1056,35.2,3746818,0,42.5,14007530.84,1320,4302,179,1,3G,3G,0
2866,95.53,3778.3,0.01,0,75585.1163,1605,0,26455,1,3G,3G,0
2861,95.37,3888.1652,77.86,1181.25,2859107857,627,18306,68477,2,3G,3G,0
2780,92.67,3908.46,13.7,353.75,1504235.35,1805,15888,165663,1,3G,3G,0
3920,130.67,3911.3,53.73,0,29129.9268,1807,21518,146156,2,3G,3G,0
2471,82.37,4002.0708,1.75,292.5,6415749894,1149,2484,94183,3,3G,3G,0
1835,61.17,4246.56,122.8,0,889876,1580,52860,98601,1,3G,3G,0
3784,126.13,4383.3,0,53.75,3442257592,1020,0,24821,2,3G,3G,0
150,5,4447.86,161.38,358.75,8276490735,410,4344,24045,2,3G,3G,0
206,6.87,4483.89,254.68,798.75,2807094601,569,146344,103398,2,3G,,0
2713,90.43,5979412,48.38,505,83449734.18,1127,0,58255,2,3G,3G,0
3891,129.7,5993,87.94,546.25,1954697793,218,46380,6131,2,3G,3G,0
793,26.43,6688.48,11.96,2327.5,7201706051,575,0,192,1,3G,3G,0
1659,55.3,6769.2224,354.09,6.25,3812354169,123,22247,77468,1,3G,3G,0
782,26.07,7062874,3.59,302.5,6636522203,2016,0,362966,2,3G,3G,0
2743,91.43,10165442,573.37,1757.5,7020364355,2184,56040,198653,1,3G,3G,0
1018,33.93,17052,0,10,23411631.68,1,318,0,4,3G,3G,1
2299,76.63,29762,14.34,0,108.9141,3,24,179,1,3G,3G,1
619,20.63,41.7,24.52,0.93,248.5791,1,477,0,1,3G,3G,1
1971,65.7,47.1204,28.36,5,231.5186,4,24,228,1,3G,3G,1
558,18.6,59.4388,18.54,21.25,1131.0879,6,24,864,1,3G,3G,1
554,18.47,60.71,28.98,8.75,3391.0479,2,954,0,1,3G,3G,1
2338,77.93,66.2784,23.9,22.5,487.3584,3,24,179,2,3G,3G,1
405,13.5,70748,17.84,0,17.1338,27,558,1361,1,3G,2G,1
1099,36.63,74486,10.67,5,1102293895,50,516,1104,1,3G,3G,1
1654,55.13,76.41,11.31,13.75,382170.5908,47,96,1123,1,3G,3G,1
248,8.27,77304,34.33,2.5,1062.7255,8,251,1111,1,3G,2G,1
407,13.57,81.2876,19.99,0,39.8291,17,1146,2999,1,3G,3G,1
1603,53.43,84.98,17.5,0,36.0762,146,2640,2840,3,3G,3G,1
346,11.53,99.76,17.81,0,120.5049,28,2710,1622,2,3G,2G,1
1845,61.5,114062,19.34,3.75,52.9883,36,990,2623,1,3G,3G,1
1821,60.7,129.0092,13.06,13.75,5227778697,72,744,1898,2,3G,3G,1
1099,36.63,134.61,56.72,53.75,17591.0469,33,324,1324,1,3G,3G,1
1480,49.33,140.19,16.73,5,1223909023,39,408,1350,1,3G,3G,1
2591,86.37,145.49,0,2.5,77.4834,209,5568,3802,4,3G,3G,1
1121,37.37,172484,33.12,16.25,200690.9639,269,4131,4761,1,3G,3G,1
2135,71.17,175.46,0,0,3056837457,221,324,251,1,3G,3G,1
2111,70.37,191.68,0,145,164809.3564,12,132,179,6,3G,3G,1
1651,55.03,192.2804,39.23,46.25,27025.8789,18,1040,3573,1,3G,3G,1
381,12.7,193372,28.04,10,16683.5547,26,3612,5064,1,3G,3G,1
610,20.33,195708,24.37,36.25,208950.1485,20,1608,932,1,3G,3G,1
165,5.5,203.3812,7.32,33.75,396747.0527,27,4344,2853,1,3G,3G,1
241,8.03,212796,36.23,1.24,125.9131,101,3400,7949,1,3G,3G,1
1643,54.77,612.39,0,90,1070314812,137,909,4210,1,3G,3G,1
3673,122.43,624352,21.17,3.75,1675076255,436,4386,6860,1,3G,3G,1
833,27.77,670.4316,41.6,16.12,14946.8125,74,9279,20201,6,3G,3G,1
3672,122.4,682.28,15.46,0,224677.5722,263,4936,6752,13,3G,3G,1
1832,61.07,697.1884,26.31,2.5,540150.3252,276,1673,14949,10,3G,,1
203,6.77,724.01,14.81,12.5,3615.8906,138,17496,23996,1,3G,3G,1
508,16.93,724.5,19.59,98.75,158624.3037,43,10926,12466,5,3G,3G,1
2366,78.87,746.8076,43.28,3.75,2156818999,352,4522,30537,1,3G,2G,1
2028,67.6,756.5508,22.17,16.25,75684.2656,191,5873,34392,5,3G,3G,1
539,17.97,766114,21.51,0,1671248.18,324,0,537,1,3G,2G,1
304,10.13,767.64,27.32,22.5,896054166,279,852,17895,1,3G,3G,1
1221,40.7,769.0684,12.82,51.25,1609946444,523,2379,8867,1,3G,3G,1
152,5.07,776.0592,28.01,295,7530947808,76,1248,3680,1,3G,3G,1
476,15.87,780.27,131.99,2.5,247180.4541,197,9108,3604,1,3G,3G,1
2100,70,782.15,20.23,75,116751.5869,342,4717,6904,1,3G,3G,1
4156,138.53,800.15,20.06,20,266728.0674,415,5227,18706,1,3G,3G,1
243,8.1,806946,7.4,8.75,106262.2588,245,36,611,1,3G,3G,1
1356,45.2,812.46,20.93,292.5,710844.2266,82,1232,4054,1,3G,3G,1
1033,34.43,833.3044,36.34,110,1087124287,50,4518,9561,1,3G,3G,1
808,26.93,841356,25.84,24.8,59040.6368,131,7683,37913,1,3G,3G,1
3380,112.67,867.11,133.78,78.75,1322829836,170,8608,5105,1,3G,3G,1
1120,37.33,899.18,242.98,45,150471.0674,110,432,9614,4,3G,3G,1
3841,128.03,899.39,0.03,127.5,1139263481,138,0,2685,1,3G,3G,1
755,25.17,906.48,0,0,583200.79,478,0,1434,4,3G,,1
2161,72.03,922.2984,8.75,0,6862866961,260,3024,10680,1,3G,3G,1
145,4.83,923.48,0,33.75,1949975294,192,0,358,1,3G,3G,1
482,16.07,927942,27.46,105,152009.5557,156,18814,19307,1,3G,3G,1
4118,137.27,941.06,0,0,401235039,645,0,5001,2,3G,3G,1
1531,51.03,944.5812,85.83,2.5,201623.1035,252,20400,9510,9,3G,3G,1
3653,121.77,953.24,23.9,10,565084.7032,560,0,38956,1,3G,3G,1
395,13.17,972.0264,30.66,127.5,4537371109,375,48,12786,4,3G,3G,1
254,8.47,978.76,11.95,42.5,1002857.23,52,0,358,1,3G,3G,1
1370,45.67,983.35,89.58,21.25,112779.6455,445,11688,48900,3,3G,3G,1
4065,135.5,987102,23.92,0,120262.5928,361,0,39856,2,3G,3G,1
3614,120.47,988472,12.89,57.5,1586000986,54,1979,4591,7,3G,3G,1
3611,120.37,1082.25,56.1,368.75,1242062572,97,2963,7499,2,3G,3G,1
2009,66.97,1083.6036,5.98,68.75,1874757089,146,0,0,4,3G,3G,1
2913,97.1,1085382,61.57,108.75,6499202161,68,1509,6553,2,3G,3G,1
1156,38.53,1088.91,19.25,75,1228343697,123,3647,14965,4,3G,3G,1
1872,62.4,1093.6604,58.49,1.25,2203662061,268,228,1404,1,3G,2G,1
162,5.4,1095.8508,0,96.25,20744581.69,92,600,19571,1,3G,3G,1
524,17.47,1109.3752,97.33,16.43,79219.5401,129,12186,21145,1,3G,3G,1
741,24.7,1109.68,73.7,6.25,2030722286,687,0,10889,1,3G,3G,1
3188,106.27,1120.4912,20.99,132.5,363669.5761,934,40032,18842,1,3G,3G,1
170,5.67,1126066,24.38,0,1142353187,641,0,11482,1,3G,3G,1
129,4.3,1135.52,75.83,40,6615818753,168,31977,1520,2,3G,3G,1
3046,101.53,1148.9524,0,12.5,1654913076,500,0,30092,3,3G,3G,1
2161,72.03,1157862,22.45,122.5,42968676.41,95,4007,15224,3,3G,3G,1
2670,89,1195.49,14.92,72.5,2702688549,278,0,16224,1,3G,3G,1
1248,41.6,1231.76,69.45,1.25,23.7227,95,24956,16760,1,3G,3G,1
3711,123.7,1237.15,19.83,82.5,194094.8203,128,3156,6030,1,3G,,1
1791,59.7,1268.4504,3.5,0,898.5488,939,857,20768,18,3G,3G,1
3667,122.23,1299.4908,0,398.75,1333086.38,652,490,30803,4,3G,3G,1
104,3.47,1308.54,304.54,258.75,776938.2256,132,29832,13362,2,3G,3G,1
2226,74.2,1322.36,39.31,22.5,73820.5264,257,8820,61293,1,3G,2G,1
435,14.5,1328.28,25.1,6.25,2763981172,545,1728,15100,1,3G,3G,1
1575,52.5,1331.7272,5.25,25,4582887011,58,5775,13132,1,3G,3G,1
508,16.93,1345.51,10.5,92.5,16627649.24,415,5323,41027,1,3G,3G,1
475,15.83,1347.97,16.57,1.25,355338.7276,246,2385,1611,1,3G,3G,1
1165,38.83,1357.13,26.85,0,51771.2051,164,37349,1458,8,3G,3G,1
350,11.67,1359202,26.82,120,1302295864,88,4996,20930,1,3G,3G,1
618,20.6,1362.3,17.16,1.25,537425.1895,395,9666,52703,1,3G,3G,1
2140,71.33,1363.68,11.95,0,742488541,590,0,1114,1,3G,3G,1
4846,161.53,1367.39,0,22.5,3076593199,597,0,1505,12,3G,3G,1
2541,84.7,1373.32,44.13,51.25,1696497013,427,0,46259,1,3G,2G,1
4863,162.1,1400.1604,182.78,77.5,311973.1495,95,10971,39032,1,3G,3G,1
1488,49.6,1404.3444,45.07,146.25,1209653019,178,16087,52733,1,3G,3G,1
296,9.87,1412.65,13.12,0,4946400364,193,3564,3874,1,3G,3G,1
1071,35.7,1434948,43.59,0,21161.9307,483,17862,6966,1,3G,3G,1
125,4.17,1461.28,199.21,6.25,341.1387,218,48720,52942,4,3G,3G,1
331,11.03,1468.37,163.61,737.5,285336.3916,87,9894,15250,2,3G,3G,1
1212,40.4,1494.8088,4.37,22.5,4970058625,397,3454,4918,4,3G,3G,1
3649,121.63,1512.0452,85.88,50,1381688899,143,9504,37304,1,3G,3G,1
2750,91.67,1516.09,13.7,27.5,18422093.07,487,0,5721,3,3G,3G,1
435,14.5,1527434,7.56,8.99,787933.1524,506,45413,9958,1,3G,3G,1
2247,74.9,1544.3024,56.62,71.25,394455.7041,145,9552,43474,1,3G,3G,1
626,20.87,1574.52,11.96,43.75,2012374152,134,0,895,2,3G,3G,1
4136,137.87,1677.47,54.11,182.5,1354238308,742,4629,57961,1,3G,3G,1
2653,88.43,1742.2884,10.76,340,4675271904,220,9298,10669,2,3G,3G,1
1207,40.23,1753.16,33.38,126.25,1064995611,361,10542,63070,1,3G,3G,1
126,4.2,1760.5,92.23,7.5,1181190631,329,6552,21485,3,3G,3G,1
2471,82.37,1777.09,6.12,0,385583.7412,1090,738,179,1,3G,3G,1
2490,83,1793.76,68.63,27.5,1336272676,177,36480,37482,3,3G,3G,1
4136,137.87,1817.44,49.17,281.25,537414.0283,352,30838,10831,3,3G,3G,1
2189,72.97,1841.69,18.23,101.25,181525.6894,340,49351,43318,1,3G,3G,1
2330,77.67,1890.53,133.86,0,192423.0557,341,17831,107405,5,3G,3G,1
2184,72.8,1896.86,65.91,97.03,1621804077,195,31601,53998,1,3G,3G,1
397,13.23,2054.47,333.43,113.75,2759253945,385,0,358,1,3G,3G,1
142,4.73,2172.48,59.08,40,20080.9482,562,43740,56651,1,3G,2G,1
179,5.97,2207.1,121.58,41.25,870912.4199,934,3384,97424,2,3G,3G,1
2684,89.47,2208.7,23.9,831.25,3999986088,12,477,358,1,3G,3G,1
414,13.8,2249.99,0,0,3881713481,985,0,39755,8,3G,3G,1
253,8.43,2287.42,38.65,40,4668602188,214,4230,358,2,3G,3G,1
5178,172.6,2332.63,215.24,671.25,373594.4492,198,41538,44441,8,3G,3G,1
2051,68.37,2524924,30.47,336.35,587053.1972,337,20668,98951,1,3G,3G,1
4236,141.2,2567.95,16.73,7.5,813623.8799,624,0,100260,1,3G,3G,1
864,28.8,2630.57,32.57,1.25,107169.3438,474,99804,43944,1,3G,3G,1
3685,122.83,2723.54,16.8,0,1757851008,1232,0,60550,2,3G,3G,1
3886,129.53,2840.91,43.96,1.25,1156397873,2075,251,134402,1,3G,3G,1
211,7.03,2841.16,35.87,90,1032632521,714,21714,114244,3,3G,3G,1
4755,158.5,3339712,11.95,1.25,1539880571,782,0,161487,6,3G,3G,1
2505,83.5,3445.95,244.28,320,571193.6367,657,75699,129418,1,3G,3G,1
3683,122.77,3997718,1.75,12.5,1848207602,1115,0,226388,2,3G,3G,1
301,10.03,4067.67,161.87,506.25,96163.7441,430,50556,112138,9,3G,3G,1
668,22.27,4719.88,1.75,0,824864.7744,1578,34918,239048,10,3G,3G,1
2668,88.93,5494632,35.44,981.25,9890750658,114,5844,9135,1,3G,3G,1
1196,39.87,5666.8208,0,3875,3235063165,659,57341,38015,1,3G,3G,1
599,19.97,6186.9004,11.95,0,2515177726,1038,0,384648,1,3G,3G,1
1187,39.57,7596712,555.58,2306.25,4230259079,947,6408,214636,2,3G,3G,1
894,29.8,9969.21,127.46,2621.25,32403873.11,107,10617,42342,3,3G,3G,1
5451,181.7,174.77,28.87,0,72.1592,23,0,8648,2,3G,3G,0
2418,80.6,197.74,0,115,42678.7422,9,216,2611,13,3G,3G,0
227,7.57,233.23,0,25,7035971.41,18,0,3714,1,3G,3G,0
579,19.3,518.09,82.68,0.31,3554442543,17,1551,4591,1,3G,3G,0
137,4.57,546.47,14,1.25,55356187.34,52,1428,16702,2,3G,3G,0
2347,78.23,587.4948,7,0,31568833,147,5478,25138,3,3G,3G,0
493,16.43,750.4532,8.16,86.49,2396710231,46,11485,8812,1,3G,3G,0
110,3.67,823.8416,0,215,2622796203,62,204,13682,1,3G,3G,0
153,5.1,1069.43,15.75,3.75,1196432417,234,8076,7247,1,3G,3G,0
4681,156.03,16387316,90.13,137.5,3731114671,1864,22188,313078,2,3G,3G,0
203,6.77,33624,11.78,1.25,157.1426,9,144,1437,1,3G,3G,1
1096,36.53,79.3548,7.17,30,1236.8262,5,954,920,1,3G,,1
459,15.3,97.97,20.46,15,1529.3799,9,3167,1888,1,3G,3G,1
4162,138.73,166936,29.15,42.5,114251.0625,3,0,713,2,3G,3G,1
206,6.87,174.9788,25.07,35,3064741425,35,906,3993,1,3G,2G,1
216,7.2,642.26,79.61,25,168563.4658,94,2514,19167,1,3G,3G,1
1729,57.63,664.4712,28.43,1.25,292.4404,126,11520,31839,1,3G,3G,1
262,8.73,912.69,71.92,153.75,1902088814,125,4914,15362,1,3G,3G,1
833,27.77,919.28,38.27,0,285931.5283,408,0,23876,1,3G,3G,1
2870,95.67,1031654,270.49,56.25,124287.8594,82,2378,35438,1,3G,3G,1
439,14.63,1044.6304,97.29,23.75,1020.6504,420,24636,47789,2,3G,3G,1
2426,80.87,1182.3276,263.38,3.75,2252.8438,113,1996,39607,1,3G,3G,1
168,5.6,1366.02,91.22,0,890476.2061,570,7260,98932,2,3G,3G,1
1399,46.63,1467.4008,58.52,26.25,191934.6592,251,8904,72189,1,3G,3G,1
2157,71.9,1579.57,110.14,88.75,11968.4521,259,16709,79706,1,3G,3G,1
1257,41.9,1587.18,45.41,127.5,3094540414,524,0,716,1,3G,3G,1
1851,61.7,1835.58,138.2,140,683233.4356,200,12564,79683,1,3G,3G,1
187,6.23,1877.48,165.06,343.75,1822350092,168,936,29790,1,3G,3G,1
942,31.4,2355.77,166.58,338.75,3161488526,582,20951,63017,2,3G,3G,1
-4,-0.13,2898824,25.1,1.25,305853.3282,642,0,82221,1,3G,3G,1
923,30.77,3526246,0.24,248.75,5245770154,927,0,101000,1,3G,3G,1
4854,161.8,3813.51,61.76,421.25,3441170841,544,30422,225872,1,3G,3G,1
3836,127.87,24438.83,664.92,8295,1737078813,678,72120,337192,10,3G,3G,1
904,30.13,331758,0.87,86.25,545301.8906,4,369,1869,1,3G,3G,0
382,12.73,556.27,5.25,61.25,39093342.14,30,216,8851,3,3G,3G,0
1181,39.37,569.17,28.62,40,27774261.58,106,8796,13581,3,3G,3G,0
497,16.57,787.37,0,352.5,648.1895,20,1254,3678,5,3G,,0
1902,63.4,1049.77,1.5,0,289828.3056,141,0,9822,1,3G,3G,0
2473,82.43,1255.01,107.97,107.5,9007544921,165,9024,33506,3,3G,3G,0
2121,70.7,3640582,156.79,283.75,17291853.57,285,18775,112237,2,3G,3G,0
195,6.5,78244,31.07,10,479.1865,19,1980,1211,1,3G,3G,1
207,6.9,88.89,18.31,5,365.0967,22,0,3568,1,3G,3G,1
1235,41.17,101.44,23.49,20,44502.5,10,765,1422,1,3G,3G,1
128,4.27,109.78,3.51,18.75,5458767271,9,816,2520,2,3G,3G,1
2442,81.4,214.43,20.05,17.5,44567.5371,15,120,2770,1,3G,3G,1
1529,50.97,219.0592,33.69,7.5,107.4082,41,1829,7696,2,3G,3G,1
3168,105.6,623.42,42.68,11.25,36,73,0,23915,1,3G,3G,1
133,4.43,743.82,35.87,0,1881350401,206,1944,25702,1,3G,,1
351,11.7,796.3856,133.27,6.25,191.1318,184,1548,47633,1,3G,3G,1
1843,61.43,933.14,0.01,0,2024585.18,249,0,179,4,3G,3G,1
208,6.93,968162,164.05,356.25,266447.6875,8,0,1959,1,3G,3G,1
345,11.5,1659.2812,9.56,140,46951698.56,150,168,33614,1,3G,3G,1
1272,42.4,1932.6,75.85,56.25,186187.7725,220,10087,88726,1,3G,3G,1
